LONGITUD,LATITUD,ACTIVIDAD,TIPO,ESTADO
-76.84167805,-6.12385326,Transportes,ITS,Aprobado
-75.18326209,-14.53932181,Transportes,Clasificacion,Aprobado
-74.52175233,-15.67244689,Transportes,Clasificacion,Aprobado
-70.39899865,-13.15209764,Mineria,ITS,Aprobado
-70.39899865,-13.15209764,Mineria,ITS,Aprobado
-70.39899865,-13.15209764,Mineria,ITS,Aprobado
-70.39899865,-13.15209764,Mineria,ITS,Aprobado
-70.39899865,-13.15209764,Mineria,ITS,Aprobado
-73.60211956,-12.90625629,Transportes,Clasificacion,Aprobado
-76.15976918,-10.64982749,Transportes,Clasificacion,Aprobado
-76.17274282,-13.77788738,Mineria,ITS,Aprobado
-80.75123974,-5.15656882,Transportes,ITS,Aprobado
-76.47083287,-9.87992318,Transportes,ITS,Aprobado
-71.60562191,-13.66068724,Transportes,ITS,Aprobado
-69.14387705,-12.23857584,Transportes,ITS,Aprobado
-70.89579055,-13.52613218,Transportes,ITS,Aprobado
-78.5205,-6.9862,Mineria,MEIA-d,Aprobado
-78.62061249,-6.76329946,Mineria,ITS,Aprobado
-81.2014,-4.588,Hidrocarburos,ITS,Aprobado
-76.11069864,-11.6993171,Mineria,Clasificacion,Aprobado
-77.3679,-9.1498,Electricidad,Clasificacion,Aprobado
-78.2019,-7.6121,Mineria,ITS,Aprobado
-72.88,-11.8096,Hidrocarburos,ITS,Aprobado
-75.01590569,-15.37062955,Electricidad,Clasificacion,Aprobado
-73.17972761,-14.72682934,Mineria,ITS,Aprobado
-77.92941517,-6.05028871,Transportes,ITS,Aprobado
-76.69256759,-10.62937221,Mineria,ITS,Aprobado
-70.73324014,-17.05015761,Mineria,ITS,Aprobado
-70.64370481,-17.11625312,Mineria,ITS,Aprobado
-69.17039195,-12.31235719,Transportes,ITS,Aprobado
-71.67149614,-16.26308573,Transportes,Clasificacion,Aprobado
-71.58299055,-16.52561525,Mineria,ITS,Aprobado
-75.99093623,-13.08875296,Mineria,ITS,Aprobado
-69.31032148,-12.57634558,Transportes,ITS,Aprobado
-76.26274008,-9.94133801,Transporte,ITS,Aprobado
-77.41777008,-4.5720948,Transporte,Clasificacion,Aprobado
-76.88989191,-11.97599743,Residuos Solidos,Clasificacion,Aprobado
-76.881453,-11.968336,Mineria,ITS,Aprobado
-81.28099823,-4.579,Hidrocarburos,ITS,Aprobado
-70.39899865,-13.15209764,Electricidad,ITS,Aprobado
-70.39899865,-13.15209764,Mineria,Clasificacion,Aprobado
-76.8656173,-11.98051765,Electricidad,ITS,Aprobado
-78.85800693,-6.00821737,Transportes,ITS,Aprobado
-70.35521673,-15.0394639,Transportes,Clasificacion,Aprobado
-76.58869042,-3.87773305,Transportes,Clasificacion,Aprobado
-76.96519849,-12.21193688,Electricidad,Clasificacion,Aprobado
-77.06230109,-11.97675137,Transportes,Clasificacion,Aprobado
-70.39899865,-13.15209764,Mineria,ITS,Aprobado
-70.39899865,-13.15209764,Mineria,PPC,Aprobado
-76.99443396,-12.11234726,Electricidad,Clasificacion,Aprobado
-78.27049889,-9.720189,Transportes,ITS,Aprobado
-77.0335,-9.9549,Mineria,EIA-d,Aprobado
-80.05884245,-6.22232817,Agricultura,Clasificacion,Aprobado
-81.26461719,-4.60383031,Hidrocarburos,ITS,Aprobado
-71.19021831,-17.77720378,Electricidad,ITS,Aprobado
-70.3254,-14.2296,Mineria,ITS,Aprobado
-77.7885015,-8.21837457,Mineria,ITS,Aprobado
-75.07094506,-12.71716091,Mineria,ITS,Aprobado
-74.987972,-13.06348195,Mineria,ITS,Aprobado
-76.14244731,-11.60848354,Mineria,ITS,Aprobado
-72.3111,-14.9848,Mineria,ITS,Aprobado
-74.0468,-15.642,Mineria,ITS,Aprobado
-81.162,-4.4791,Hidrocarburos,ITS,Aprobado
-81.1384,-4.8608,Hidrocarburos,ITS,Aprobado
-76.11756319,-11.70209986,Electricidad,ITS,Aprobado
-77.00777416,-9.86873233,Mineria,ITS,Aprobado
-76.27556573,-10.67901185,Mineria,ITS,Aprobado
-78.13050296,-7.89209965,Mineria,ITS,Aprobado
-76.00247663,-13.74820805,Agricultura,Clasificacion,Aprobado
-74.24450065,-15.7999733,Mineria,ITS,Aprobado
-76.00039369,-11.75097496,Mineria,ITS,Aprobado
-81.12588752,-4.24319251,Hidrocarburos,ITS,Aprobado
-72.32039022,-14.9669046,Mineria,Clasificacion,Aprobado
-81.27873663,-4.58344287,Hidrocarburos,ITS,Aprobado
-75.27315487,-12.23936148,Mineria,Clasificacion,Aprobado
-69.77593959,-12.88156875,Transportes,ITS,Aprobado
-79.47317489,-5.82734599,Transportes,ITS,Aprobado
-71.77388212,-14.47432846,Mineria,ITS,Aprobado
-70.70143926,-17.34201125,Mineria,ITS,Aprobado
-80.58493767,-3.41461515,Hidrocarburos,ITS,Aprobado
-76.74649699,-10.45792535,Mineria,ITS,Aprobado
-71.9406,-15.467,Mineria,ITS,Aprobado
-75.9938,-13.0866,Mineria,ITS,Aprobado
-74.3282,-5.2437,Hidrocarburos,EIA-d,Aprobado
-70.4367,-13.5767,Electricidad,ITS,Aprobado
-72.31043183,-14.07406315,Mineria,ITS,Aprobado
-74.86134516,-15.39116406,Mineria,ITS,Aprobado
-73.94395269,-13.99166594,Mineria,ITS,Aprobado
-70.72425468,-15.62486464,Mineria,ITS,Aprobado
-77.14069889,-12.01791027,Residuos Solidos,Clasificacion,Aprobado
-74.66033373,-8.41843332,Electricidad,ITS,Aprobado
-81.28286428,-4.58001258,Hidrocarburos,ITS,Aprobado
-75.9584,-13.714,Electricidad,EIA-d,Aprobado
-74.24742902,-15.80340055,Mineria,ITS,Aprobado
-75.3829728,-11.2295836,Mineria,MEIA-d,Aprobado
-75.04547995,-15.06298557,Electricidad,MEIA-d,Aprobado
-72.94428641,-11.84310133,Hidrocarburos,ITS,Aprobado
-77.63046631,-10.89387181,Agricultura,Clasificacion,Aprobado
-81.2117,-4.5202,Hidrocarburos,ITS,Aprobado
-81.25261248,-4.48973025,Hidrocarburos,ITS,Aprobado
-72.3111318,-14.08383574,Mineria,ITS,Aprobado
-76.7439,-9.5579,Electricidad,Clasificacion,Aprobado
-76.59507005,-12.69745206,Mineria,ITS,Aprobado
-76.388,-10.6964,Mineria,ITS,Aprobado
-77.63712816,-7.71255032,Mineria,Clasificacion,Aprobado
-76.912,-12.2031,Electricidad,EIA-d,Aprobado
-74.3282,-5.2437,Hidrocarburos,ITS,Aprobado
-75.0562,-15.0532,Electricidad,ITS,Aprobado
-81.162,-4.4791,Hidrocarburos,ITS,Aprobado
-78.6297,-6.7658,Mineria,ITS,Aprobado
-72.88,-11.8096,Hidrocarburos,ITS,Aprobado
-70.3196724,-14.2295433,Mineria,ITS,Aprobado
-72.31109816,-14.98482422,Mineria,ITS,Aprobado
-72.8517,-11.896,Hidrocarburos,ITS,Aprobado
-76.96670942,-10.20644215,Mineria,ITS,Aprobado
-80.55471464,-5.17383413,Transportes,ITS,Aprobado
-71.7471789,-15.06890465,Mineria,Clasificacion,Aprobado
-74.79802152,-12.9412912,Mineria,Clasificacion,Aprobado
-76.52324721,-11.18673563,Mineria,ITS,Aprobado
-75.01457372,-15.37769061,Electricidad,PPC,Aprobado
-77.05330294,-9.54451496,Mineria,ITS,Aprobado
-70.31739124,-16.45616542,Mineria,Clasificacion,Aprobado
-72.3039,-16.5547,Electricidad,ITS,Aprobado
-72.9402,-11.8591,Hidrocarburos,ITS,Aprobado
-75.2198,-8.3936,Hidrocarburos,ITS,Aprobado
-76.74484375,-10.44482586,Mineria,Clasificacion,Aprobado
-81.2953,-4.4747,Hidrocarburos,ITS,Aprobado
-76.5951,-12.6975,Mineria,ITS,Aprobado
-76.8656,-11.9805,Electricidad,Clasificacion,Aprobado
-75.4959,-11.8079,Electricidad,Clasificacion,Aprobado
-75.0515,-15.0581,Electricidad,ITS,Aprobado
-76.2856,-10.7663,Mineria,ITS,Aprobado
-81.18751796,-4.50692855,Hidrocarburos,ITS,Aprobado
-80.73985916,-3.59901962,Hidrocarburos,ITS,Aprobado
-76.13276867,-11.59644155,Mineria,ITS,Aprobado
-77.27612962,-11.49420062,Mineria,ITS,Aprobado
-81.21173445,-4.52022958,Hidrocarburos,ITS,Aprobado
-78.20191828,-7.61210397,Mineria,ITS,Aprobado
-72.89122387,-11.73519681,Hidrocarburos,ITS,Aprobado
-76.3819833,-13.00621581,Agricultura,Clasificacion,Aprobado
-81.21720388,-4.29463009,Hidrocarburos,ITS,Aprobado
-72.9422,-11.8773,Hidrocarburos,MEIA-d,Aprobado
-81.16284874,-4.48062664,Hidrocarburos,ITS,Aprobado
-78.59568743,-8.56638157,Agricultura,Clasificacion,Aprobado
-81.19148859,-4.55751664,Electricidad,ITS,Aprobado
-76.23162434,-13.77607194,Hidrocarburos,ITS,Aprobado
-75.07225486,-12.72351772,Mineria,ITS,Aprobado
-78.8986783,-6.83011186,Mineria,ITS,Aprobado
-72.35781806,-15.27144774,Mineria,ITS,Aprobado
-78.88720346,-6.82124766,Mineria,ITS,Aprobado
-81.11903196,-5.20654696,Mineria,ITS,Aprobado
-70.39899865,-13.15209764,Transportes,Clasificacion,Aprobado
-70.39899865,-13.15209764,Transportes,Clasificacion,Aprobado
-70.51375055,-16.82030385,Electricidad,Clasificacion,Aprobado
-76.68010687,-10.02350048,Agricultura,Clasificacion,Aprobado
-73.55360023,-13.25331979,Transportes,Clasificacion,Aprobado
-75.0756,-15.1505,Mineria,ITS,Aprobado
-74.9527,-12.7846,Electricidad,Clasificacion,Aprobado
-78.51516538,-6.9805174,Mineria,ITS,Aprobado
-81.23670977,-4.33770477,Hidrocarburos,ITS,Aprobado
-71.91102399,-15.47192546,Mineria,ITS,Aprobado
-71.5902,-16.5532,Mineria,ITS,Aprobado
-81.17085359,-4.28361388,Hidrocarburos,ITS,Aprobado
-76.88952069,-12.27278464,Agricultura,Clasificacion,Aprobado
-81.06450187,-3.6478432,Hidrocarburos,ITS,Aprobado
-75.8875789,-10.70727699,Transportes,Clasificacion,Aprobado
-75.7632838,-10.75306818,Transportes,Clasificacion,Aprobado
-73.0592,-11.6546,Hidrocarburos,ITS,Aprobado
-71.83064568,-15.17721699,Mineria,ITS,Aprobado
-76.74346984,-10.458855,Mineria,Clasificacion,Aprobado
-76.09179021,-10.65750133,Transportes,Clasificacion,Aprobado
-77.66206078,-7.71877542,Mineria,ITS,Aprobado
-80.99367281,-5.35948095,Hidrocarburos,ITS,Aprobado
-69.57137146,-10.96749456,Transportes,ITS,Aprobado
-81.14532234,-4.27808254,Hidrocarburos,ITS,Aprobado
-70.0643,-15.3924,Electricidad,EIA-d,Aprobado
-71.4344,-14.1004,Electricidad,Clasificacion,Aprobado
-79.03601737,-7.94357564,Residuos Solidos,ITS,Aprobado
-76.29679506,-13.24466607,Hidrocarburos,ITS,Aprobado
-72.58085565,-13.14033064,Electricidad,ITS,Aprobado
-81.03101704,-5.33921969,Hidrocarburos,ITS,Aprobado
-76.17609795,-11.59769712,Mineria,ITS,Aprobado
-70.59636226,-14.89214738,Transportes,Clasificacion,Aprobado
-80.06819479,-6.28498179,Agricultura,Clasificacion,Aprobado
-75.05621473,-15.05347184,Electricidad,Clasificacion,Aprobado
-74.72500859,-15.40748259,Agricultura,Clasificacion,Aprobado
-71.78048138,-16.64212897,Electricidad,Clasificacion,Aprobado
-76.22806521,-13.77465232,Hidrocarburos,ITS,Aprobado
-73.31433314,-11.46448235,Hidrocarburos,ITS,Aprobado
-80.98705708,-5.34591106,Hidrocarburos,ITS,Aprobado
-75.0617,-15.1625,Mineria,ITS,Aprobado
-75.6923,-14.0555,Electricidad,Clasificacion,Aprobado
-75.20848653,-15.27404788,Mineria,Clasificacion,Aprobado
-78.63411302,-6.76675475,Mineria,ITS,Aprobado
-78.83737738,-5.8988517,Transportes,ITS,Aprobado
-77.70731371,-6.29441556,Transportes,Clasificacion,Aprobado
-70.6292903,-17.09908301,Mineria,ITS,Aprobado
-69.81586669,-17.76055095,Mineria,ITS,Aprobado
-77.47876451,-5.74622971,Transportes,ITS,Aprobado
-70.37537052,-13.11336116,Transportes,ITS,Aprobado
-73.78659068,-12.62685157,Transportes,Clasificacion,Aprobado
-77.5891,-7.7745,Mineria,MEIA-d,Aprobado
-76.11217599,-11.69616304,Electricidad,Clasificacion,Aprobado
-69.49128764,-11.38450293,Transportes,ITS,Aprobado
-69.56174512,-11.101597,Transportes,ITS,Aprobado
-78.23514827,-5.84332482,Transportes,ITS,Aprobado
-69.54933007,-11.21758265,Transportes,ITS,Aprobado
-77.1015,-11.9856,Electricidad,Clasificacion,Aprobado
-73.147,-14.682,Mineria,ITS,Aprobado
-77.1711,-11.0848,Electricidad,ITS,Aprobado
-76.41,-11.0101,Mineria,ITS,Aprobado
-72.29470316,-16.6699591,Residuos Solidos,Clasificacion,Aprobado
-73.25294653,-14.944578,Mineria,ITS,Aprobado
-73.1811626,-14.72063189,Mineria,ITS,Aprobado
-81.0128,-3.6152,Hidrocarburos,ITS,Aprobado
-81.1425,-4.882,Hidrocarburos,ITS,Aprobado
-76.728,-6.9977,Electricidad,Clasificacion,Aprobado
-70.4367,-13.5767,Electricidad,ITS,Aprobado
-76.1745,-13.7791,Mineria,ITS,Aprobado
-75.78693391,-11.66495551,Mineria,Clasificacion,Aprobado
-70.86,-17.2312,Electricidad,Clasificacion,Aprobado
-78.13050296,-7.89209965,Mineria,MEIA-d,Aprobado
-77.00782994,-11.93047596,Electricidad,Clasificacion,Aprobado
-79.79244152,-6.87826576,Mineria,ITS,Aprobado
-76.20433685,-9.89067892,Electricidad,Clasificacion,Aprobado
-71.43007268,-14.80904508,Transportes,Clasificacion,Aprobado
-74.22057003,-13.11709241,Electricidad,ITS,Aprobado
-81.30185925,-4.57974246,Hidrocarburos,ITS,Aprobado
-77.47228628,-10.95418573,Agricultura,Clasificacion,Aprobado
-70.32541821,-14.22957477,Mineria,ITS,Aprobado
-72.93665084,-11.82351803,Hidrocarburos,ITS,Aprobado
-77.44635503,-8.03887574,Mineria,Clasificacion,Aprobado
-77.078,-9.5,Mineria,ITS,Aprobado
-69.8115,-17.8159,Mineria,ITS,Aprobado
-80.4105,-5.905,Hidrocarburos,ITS,Aprobado
-78.1362,-7.8953,Mineria,ITS,Aprobado
-71.5902,-16.5532,Mineria,ITS,Aprobado
-76.41,-11.0101,Mineria,ITS,Aprobado
-72.87995689,-11.80956715,Hidrocarburos,ITS,Aprobado
-77.12833123,-12.04393705,Mineria,ITS,Aprobado
-76.59507001,-12.69745209,Mineria,ITS,Aprobado
-76.4582175,-9.31037971,Electricidad,Clasificacion,Aprobado
-76.7728,-11.9688,Electricidad,Clasificacion,Aprobado
-78.4859,-6.9761,Mineria,ITS,Aprobado
-79.98636081,-5.24037274,Transportes,ITS,Aprobado
-71.6976,-13.6952,Electricidad,MEIA-d,Aprobado
-75.5447,-13.6417,Hidrocarburos,ITS,Aprobado
-71.5902,-16.5532,Mineria,MEIA-d,Aprobado
-73.07243163,-12.47109053,Hidrocarburos,ITS,Aprobado
-73.30088121,-11.69191344,Hidrocarburos,ITS,Aprobado
-72.94742008,-11.83876767,Hidrocarburos,ITS,Aprobado
-75.32800121,-11.27233551,Electricidad,ITS,Aprobado
-71.7723,-14.4711,Mineria,ITS,Aprobado
-70.3237,-14.2258,Mineria,ITS,Aprobado
-76.31988958,-11.50224952,Mineria,ITS,Aprobado
-76.22810707,-13.77735516,Hidrocarburos,ITS,Aprobado
-76.41,-11.0101,Mineria,ITS,Aprobado
-75.2085,-15.274,Mineria,ITS,Aprobado
-75.1593,-15.2315,Mineria,Clasificacion,Aprobado
-81.16118187,-4.28121767,Hidrocarburos,ITS,Aprobado
-78.69104144,-6.73433487,Mineria,ITS,Aprobado
-78.62061249,-6.76329946,Mineria,ITS,Aprobado
-74.90828184,-15.46485168,Electricidad,Clasificacion,Aprobado
-76.5035,-11.6613,Electricidad,Clasificacion,Aprobado
-78.69104144,-6.73433487,Mineria,ITS,Aprobado
-74.9474093,-15.44615157,Electricidad,Clasificacion,Aprobado
-76.2155,-10.5793,Mineria,ITS,Aprobado
-73.0767,-12.2132,Hidrocarburos,ITS,Aprobado
-77.86909847,-6.32619989,Transportes,Clasificacion,Aprobado
-78.2039437,-7.61396927,Mineria,ITS,Aprobado
-77.05330294,-9.54451496,Mineria,Clasificacion,Aprobado
-72.94512506,-11.83155669,Hidrocarburos,ITS,Aprobado
-75.0617,-15.1625,Mineria,ITS,Aprobado
-81.17951503,-4.33140322,Hidrocarburos,ITS,Aprobado
-76.7469,-10.4578,Mineria,ITS,Aprobado
-71.2618,-14.9546,Mineria,MEIA-d,Aprobado
-80.631,-3.7036,Hidrocarburos,ITS,Aprobado
-77.0335,-9.9549,Mineria,Clasificacion,Aprobado
-76.47507071,-8.87111593,Electricidad,Clasificacion,Aprobado
-74.3612,-11.2267,Hidrocarburos,ITS,Aprobado
-74.987972,-13.06348195,Mineria,ITS,Aprobado
-76.97260448,-6.06786698,Electricidad,ITS,Aprobado
-72.34812065,-15.2742392,Mineria,ITS,Aprobado
-76.31236406,-13.2571091,Hidrocarburos,ITS,Aprobado
-72.97840637,-11.84987252,Hidrocarburos,ITS,Aprobado
-80.24917822,-3.48830546,Agricultura,IGAPRO,Aprobado
-79.28232995,-5.93489793,Transportes,ITS,Aprobado
-70.4776638,-13.80450909,Transportes,ITS,Aprobado
-76.17448791,-13.77912664,Mineria,ITS,Aprobado
-81.23100692,-4.68613935,Hidrocarburos,ITS,Aprobado
-81.28524297,-4.57665534,Hidrocarburos,ITS,Aprobado
-81.23100692,-4.68613935,Hidrocarburos,ITS,Aprobado
-78.5410714,-6.98982411,Mineria,ITS,Aprobado
-77.27812268,-11.58641255,Transportes,EIA-d,Aprobado
-76.673,-11.92349718,Agricultura,IGAPRO,Aprobado
-81.28962807,-4.67457406,Hidrocarburos,ITS,Aprobado
-75.99558315,-13.09060665,Mineria,ITS,Aprobado
-72.3204,-14.9669,Mineria,ITS,Aprobado
-71.85063662,-15.19706491,Mineria,ITS,Aprobado
-71.60369033,-13.67505976,Transportes,ITS,Aprobado
-73.13370767,-3.58303267,Transportes,Clasificacion,Aprobado
-69.56125863,-11.1009739,Transportes,ITS,Aprobado
-76.9939791,-12.03996481,Transportes,ITS,Aprobado
-77.05601423,-9.95012327,Mineria,MEIA-d,Aprobado
-70.69422398,-17.16521559,Mineria,ITS,Aprobado
-73.3014,-14.5329,Electricidad,ITS,Aprobado
-79.1692481,-6.00264948,Transportes,ITS,Aprobado
-73.96729044,-11.90912138,Transportes,Clasificacion,Aprobado
-79.57943138,-7.12154124,Agricultura,Clasificacion,Aprobado
-72.96531854,-11.30276426,Transportes,Clasificacion,Aprobado
-75.06173559,-15.16248845,Mineria,MEIA-d,Aprobado
-76.79547101,-9.73926399,Transportes,Clasificacion,Aprobado
-70.42443186,-13.50716669,Electricidad,EIA-d,Aprobado
-69.34086411,-11.43418988,Transportes,ITS,Aprobado
-69.12348023,-11.91809723,Transportes,ITS,Aprobado
-73.0302,-11.8035,Hidrocarburos,Clasificacion,Aprobado
-70.32541821,-14.22957477,Mineria,ITS,Aprobado
-75.10423389,-8.83863417,Hidrocarburos,ITS,Aprobado
-78.69104144,-6.73433487,Mineria,ITS,Aprobado
-72.31043183,-14.07406315,Mineria,MEIA-d,Aprobado
-70.57982855,-16.20493806,Mineria,ITS,Aprobado
-71.87181486,-16.62430383,Transportes,Clasificacion,Aprobado
-77.17109848,-11.08480857,Electricidad,ITS,Aprobado
-69.3330244,-11.44025246,Transportes,ITS,Aprobado
-69.40880332,-12.52690293,Transportes,ITS,Aprobado
-75.0756,-15.1505,Mineria,ITS,Aprobado
-77.1358,-11.918,Hidrocarburos,ITS,Aprobado
-69.3845,-14.5812,Mineria,ITS,Aprobado
-76.0079,-9.8393,Electricidad,EIA-d,Aprobado
-79.3585903,-6.87266482,Electricidad,ITS,Aprobado
-77.11036284,-11.03638166,Electricidad,ITS,Aprobado
-76.97699832,-12.11979156,Electricidad,Clasificacion,Aprobado
-78.132,-7.8936,Mineria,ITS,Aprobado
-76.7465,-10.4579,Mineria,ITS,Aprobado
-78.5411,-6.9898,Mineria,ITS,Aprobado
-78.4859,-6.9761,Mineria,ITS,Aprobado
-76.1724177,-10.30733231,Transportes,Clasificacion,Aprobado
-78.89867199,-6.83010821,Mineria,ITS,Aprobado
-76.72114929,-10.78726025,Mineria,MEIA-d,Aprobado
-76.8828,-11.9672,Mineria,ITS,Aprobado
-73.1451835,-11.54034582,Hidrocarburos,ITS,Aprobado
-81.2428,-4.4909,Hidrocarburos,ITS,Aprobado
-76.97907964,-12.06613259,Electricidad,Clasificacion,Aprobado
-78.98216575,-8.22850404,Transportes,EIA-d,Aprobado
-72.10108116,-17.00195803,Transportes,ITS,Aprobado
-73.21923662,-3.64086648,Electricidad,ITS,Aprobado
-80.23392449,-3.52686767,Agricultura,IGAPRO,Aprobado
-73.23711362,-14.91869936,Mineria,ITS,Aprobado
-73.23322802,-14.96308882,Mineria,Clasificacion,Aprobado
-71.84829881,-16.6453027,Residuos Solidos,Clasificacion,Aprobado
-79.24083528,-5.94512761,Transportes,ITS,Aprobado
-76.29542588,-9.9252686,Transportes,ITS,Aprobado
-74.99229163,-12.50236024,Transportes,Clasificacion,Aprobado
-72.94039131,-11.82044162,Hidrocarburos,EIA-d,Aprobado
-78.20932057,-8.54035946,Transportes,Clasificacion,Aprobado
-71.9778932,-17.03838228,Electricidad,ITS,Aprobado
-71.79547395,-16.98247657,Mineria,ITS,Aprobado
-81.2866,-4.4617,Hidrocarburos,ITS,Aprobado
-74.94230506,-4.88373171,Hidrocarburos,ITS,Aprobado
-77.1323,-12.0452,Mineria,ITS,Aprobado
-74.38994526,-12.57526094,Mineria,ITS,Aprobado
-72.34836713,-15.27492198,Mineria,ITS,Aprobado
-81.05366671,-4.9092574,Hidrocarburos,Clasificacion,Aprobado
-73.21923662,-3.64086648,Electricidad,ITS,Aprobado
-78.88960244,-7.59499228,Transportes,Clasificacion,Aprobado
-76.74397015,-10.45685434,Mineria,MEIA-d,Aprobado
-77.58911291,-7.77450113,Mineria,ITS,Aprobado
-77.79365248,-8.22352494,Mineria,ITS,Aprobado
-74.9788315,-12.39202775,Mineria,Clasificacion,Aprobado
-76.27104119,-10.75828603,Mineria,ITS,Aprobado
-71.35692056,-17.49468537,Mineria,ITS,Aprobado
-71.84656284,-15.65185783,Electricidad,Clasificacion,Aprobado
-70.39899865,-13.15209764,Mineria,ITS,Aprobado
-76.90296067,-6.12363936,Transportes,ITS,Aprobado
-71.36089926,-13.65938825,Transportes,ITS,Aprobado
-77.15682319,-9.90868177,Agricultura,Clasificacion,Aprobado
-76.95032765,-12.01927739,Transportes,Clasificacion,Aprobado
-75.99279245,-9.28966138,Electricidad,ITS,Aprobado
-74.99228473,-12.50225678,Transportes,Clasificacion,Aprobado
-76.50991198,-8.18470093,Electricidad,ITS,Aprobado
-70.0508,-15.8311,Electricidad,ITS,Aprobado
-75.16466209,-15.27020579,Mineria,ITS,Aprobado
-69.38993459,-14.58986452,Mineria,ITS,Aprobado
-78.24752834,-7.9445874,Mineria,ITS,Aprobado
-78.6297,-6.7658,Mineria,MEIA-d,Aprobado
-74.80457437,-12.94399997,Mineria,ITS,Aprobado
-72.09902547,-17.00504958,Mineria,ITS,Aprobado
-79.20571504,-5.97675665,Transportes,ITS,Aprobado
-78.97596135,-6.02150556,Transportes,ITS,Aprobado
-79.83084656,-6.7919397,Transportes,Clasificacion,Aprobado
-78.85800693,-6.00821737,Transportes,ITS,Aprobado
-77.09946566,-9.41147478,Transportes,Clasificacion,Aprobado
-76.13276867,-11.59644155,Mineria,ITS,Aprobado
-77.84703518,-8.80356492,Electricidad,ITS,Aprobado
-72.44944156,-16.51871612,Residuos Solidos,EIA-sd,Aprobado
-76.388,-10.6964,Mineria,ITS,Aprobado
-75.47462657,-14.5045748,Electricidad,Clasificacion,Aprobado
-74.8018,-12.9354,Mineria,ITS,Aprobado
-81.11821108,-4.90971951,Hidrocarburos,ITS,Aprobado
-76.38889557,-6.50224472,Transportes,ITS,Aprobado
-78.8508127,-5.97043324,Transportes,ITS,Aprobado
-70.6509,-17.2892,Electricidad,MEIA-d,Aprobado
-70.4367,-13.5767,Electricidad,ITS,Aprobado
-71.7152,-16.3973,Agricultura,Clasificacion,Aprobado
-76.1269,-11.5929,Mineria,ITS,Aprobado
-72.06715109,-13.39067752,Transportes,ITS,Aprobado
-73.17972761,-14.72682934,Mineria,ITS,Aprobado
-76.28201664,-10.44032012,Mineria,ITS,Aprobado
-76.51995523,-11.19476065,Mineria,ITS,Aprobado
-76.23282912,-11.62895294,Mineria,ITS,Aprobado
-76.2856,-10.7663,Mineria,ITS,Aprobado
-73.21950763,-3.6398625,Hidrocarburos,ITS,Aprobado
-70.3254,-14.2296,Mineria,MEIA-d,Aprobado
-75.5069,-6.6543,Hidrocarburos,Clasificacion,Aprobado
-81.2669,-4.536,Electricidad,ITS,Aprobado
-80.53176013,-5.92930068,Electricidad,ITS,Aprobado
-76.229,-13.7705,Hidrocarburos,ITS,Aprobado
-71.590166,-16.55320085,Mineria,ITS,Aprobado
-77.4513,-8.0457,Mineria,ITS,Aprobado
-76.91203812,-12.20313365,Electricidad,ITS,Aprobado
-70.43665613,-13.57665682,Electricidad,ITS,Aprobado
-70.32579678,-14.22933763,Mineria,ITS,Aprobado
-76.4285,-11.0292,Mineria,MEIA-d,Aprobado
-74.87398359,-8.55238018,Agricultura,Clasificacion,Aprobado
-78.48586496,-6.97612352,Mineria,ITS,Aprobado
-74.98253851,-13.07208122,Mineria,ITS,Aprobado
-70.82776413,-15.25001665,Mineria,ITS,Aprobado
-78.52920291,-6.99439182,Mineria,MEIA-d,Aprobado
-74.20615389,-12.78431528,Transportes,Clasificacion,Aprobado
-77.3180964,-5.93881035,Agricultura,Clasificacion,Aprobado
-71.1886461,-17.24363886,Electricidad,Clasificacion,Aprobado
-80.98726964,-5.34577057,Hidrocarburos,ITS,Aprobado
-70.90075458,-13.4061613,Transportes,ITS,Aprobado
-71.77345219,-17.13433216,Transportes,Clasificacion,Aprobado
-76.20517965,-10.61611424,Mineria,ITS,Aprobado
-76.12218276,-11.59123846,Mineria,MEIA-d,Aprobado
-73.23711362,-14.91869936,Mineria,ITS,Aprobado
-79.88137228,-5.6334736,Transportes,ITS,Aprobado
-76.2881288,-6.42455468,Transportes,ITS,Aprobado
-70.39899865,-13.15209764,Transportes,ITS,Aprobado
-76.73850797,-11.96213824,Transportes,Clasificacion,Aprobado
-75.07241493,-10.50826077,Transportes,Clasificacion,Aprobado
-78.48291233,-5.71793437,Transportes,ITS,Aprobado
-76.75744149,-7.13948572,Transportes,Clasificacion,Aprobado
-77.11823595,-12.00663241,Transportes,ITS,Aprobado
-71.07162842,-17.2771053,Residuos Solidos,Clasificacion,Aprobado
-76.42252172,-11.0317116,Mineria,ITS,Aprobado
-71.51414201,-16.4699932,Electricidad,ITS,Aprobado
-75.08891401,-14.90795176,Agricultura,Clasificacion,Aprobado
-81.26097658,-4.50845286,Hidrocarburos,ITS,Aprobado
-80.74383898,-3.59231584,Hidrocarburos,ITS,Aprobado
-75.06173559,-15.16248845,Mineria,ITS,Aprobado
-70.32541821,-14.22957477,Mineria,ITS,Aprobado
-69.66784948,-17.61102808,Mineria,Clasificacion,Aprobado
-77.45133776,-8.04570552,Mineria,ITS,Aprobado
-78.20191828,-7.61210397,Mineria,ITS,Aprobado
-76.9432,-12.2414,Hidrocarburos,EIA-d,Aprobado
-69.13090882,-12.04521408,Transportes,ITS,Aprobado
-78.89591233,-6.04845916,Transportes,ITS,Aprobado
-76.88147152,-11.96838087,Mineria,ITS,Aprobado
-70.3254,-14.2296,Mineria,ITS,Aprobado
-76.3117082,-10.09344063,Transportes,Clasificacion,Aprobado
-70.39727314,-13.18942492,Transportes,ITS,Aprobado
-72.44798171,-15.8464252,Transportes,Clasificacion,Aprobado
-75.46484505,-11.18528009,Electricidad,ITS,Aprobado
-70.62390642,-17.10128595,Mineria,ITS,Aprobado
-76.21057555,-10.62619379,Mineria,ITS,Aprobado
-73.02117358,-11.66529083,Hidrocarburos,ITS,Aprobado
-72.10359747,-17.00311927,Transportes,Clasificacion,Aprobado
-70.43665613,-13.57665682,Electricidad,ITS,Aprobado
-74.7196804,-12.77517675,Transportes,Clasificacion,Aprobado
-76.3087152,-6.45710884,Transportes,ITS,Aprobado
-76.68099049,-10.62593988,Mineria,ITS,Aprobado
-72.06812095,-14.07110415,Transportes,Clasificacion,Aprobado
-75.20833548,-12.08649738,Transportes,Clasificacion,Aprobado
-76.3819833,-13.00621581,Agricultura,Clasificacion,Aprobado
-77.01973776,-6.04602129,Transportes,ITS,Aprobado
-73.17972761,-14.72682934,Mineria,ITS,Aprobado
-71.8607,-15.1868,Mineria,ITS,Aprobado
-81.15763923,-4.46668858,Hidrocarburos,ITS,Aprobado
-81.13390524,-4.28196569,Hidrocarburos,ITS,Aprobado
-77.6387576,-8.57847123,Electricidad,ITS,Aprobado
-75.49297942,-9.03336034,Electricidad,EIA-d,Aprobado
-76.84167805,-6.12385326,Transportes,ITS,Aprobado
-77.94444533,-8.19794808,Electricidad,Clasificacion,Aprobado
-76.28112765,-10.68227324,Mineria,ITS,Aprobado
-78.69104144,-6.73433487,Mineria,ITS,Aprobado
-81.14777291,-4.88961203,Hidrocarburos,ITS,Aprobado
-80.73765826,-3.60784355,Hidrocarburos,ITS,Aprobado
-75.34112128,-11.15499649,Electricidad,EIA-d,Aprobado
-76.59687558,-6.38565355,Transportes,ITS,Aprobado
-70.06839137,-12.89360479,Transportes,ITS,Aprobado
-70.39899865,-13.15209764,Electricidad,ITS,Aprobado
-73.314,-11.4636,Hidrocarburos,ITS,Aprobado
-76.9258,-12.2527,Hidrocarburos,ITS,Aprobado
-76.02620635,-13.94584223,Residuos Solidos,EIA-sd,Aprobado
-76.38882457,-13.12107255,Hidrocarburos,ITS,Aprobado
-73.0188366,-11.68704871,Hidrocarburos,ITS,Aprobado
-74.32799635,-5.24378559,Hidrocarburos,ITS,Aprobado
-77.84966467,-5.70652126,Transportes,ITS,Aprobado
-81.28112485,-4.58133407,Hidrocarburos,ITS,Aprobado
-78.69104144,-6.73433487,Mineria,ITS,Aprobado
-75.10861618,-15.40119806,Electricidad,ITS,Aprobado
-76.08420546,-11.66942591,Mineria,ITS,Aprobado
-76.18403866,-11.60824367,Mineria,ITS,Aprobado
-76.86823366,-12.10054452,Electricidad,Clasificacion,Aprobado
-75.10423389,-8.83863417,Hidrocarburos,ITS,Aprobado
-74.64658938,-12.37538878,Electricidad,ITS,Aprobado
-70.39899865,-13.15209764,Transportes,ITS,Aprobado
-77.28460452,-5.98709318,Transportes,ITS,Aprobado
-81.13163633,-4.25478293,Hidrocarburos,ITS,Aprobado
-81.23154447,-4.33360821,Hidrocarburos,ITS,Aprobado
-81.27550981,-4.58726144,Hidrocarburos,ITS,Aprobado
-71.78570913,-13.48757227,Agricultura,Clasificacion,Aprobado
-78.77108396,-5.85190955,Transportes,ITS,Aprobado
-77.65751624,-6.14610754,Transportes,Clasificacion,Aprobado
-77.80370372,-6.47345211,Transportes,Clasificacion,Aprobado
-76.09296755,-10.6607934,Transportes,Clasificacion,Aprobado
-76.224,-11.653,Mineria,MEIA-d,Aprobado
-76.10891445,-11.69822993,Mineria,ITS,Aprobado
-71.93716735,-15.47221791,Mineria,ITS,Aprobado
-77.58935704,-7.77146331,Mineria,IGAPRO,Aprobado
-71.5068,-16.4527,Electricidad,ITS,Aprobado
-73.11156555,-14.14803836,Mineria,Clasificacion,Aprobado
-81.26696204,-4.3061036,Hidrocarburos,ITS,Aprobado
-76.8828,-11.9672,Mineria,Clasificacion,Aprobado
-73.2567,-3.6737,Electricidad,MEIA-d,Aprobado
-78.48586496,-6.97612352,Mineria,ITS,Aprobado
-75.1593,-15.2315,Mineria,ITS,Aprobado
-78.20174512,-7.61227452,Mineria,ITS,Aprobado
-77.4967,-7.9797,Mineria,Clasificacion,Aprobado
-80.7395,-3.605,Hidrocarburos,ITS,Aprobado
-76.5256937,-11.1818049,Mineria,MEIA-d,Aprobado
-77.64507251,-5.68610308,Transportes,ITS,Aprobado
-74.32812263,-5.24383096,Hidrocarburos,ITS,Aprobado
-75.07036832,-13.97353012,Mineria,ITS,Aprobado
-70.62267478,-17.10012108,Mineria,ITS,Aprobado
-75.10089754,-11.56285786,Electricidad,ITS,Aprobado
-72.38519095,-14.76404163,Mineria,ITS,Aprobado
-81.14102191,-4.4135315,Hidrocarburos,ITS,Aprobado
-73.9200802,-14.95457315,Mineria,ITS,Aprobado
-76.468,-11.0103,Mineria,ITS,Aprobado
-76.575403,-9.88394124,Transportes,ITS,Aprobado
-77.11972212,-12.02047415,Transportes,ITS,Aprobado
-70.27191924,-17.05040715,Agricultura,Clasificacion,Aprobado
-70.45790147,-17.65469465,Agricultura,Clasificacion,Aprobado
-70.26678021,-14.51883515,Transportes,ITS,Aprobado
-70.65105639,-17.28914109,Electricidad,PPC,Aprobado
-72.3111,-14.9848,Mineria,ITS,Aprobado
-78.89867199,-6.83010821,Mineria,ITS,Aprobado
-75.70510821,-12.31132206,Mineria,EIA-d,Aprobado
-76.39882812,-7.65096375,Electricidad,Clasificacion,Aprobado
-72.029423,-16.01873088,Electricidad,Clasificacion,Aprobado
-72.2888,-14.4182,Mineria,ITS,Aprobado
-81.16118187,-4.28121767,Hidrocarburos,ITS,Aprobado
-77.12164439,-12.04754348,Mineria,Clasificacion,Aprobado
-72.59970694,-13.55096788,Transportes,ITS,Aprobado
-77.56092398,-9.43654581,Transportes,Clasificacion,Aprobado
-74.60520531,-13.22777099,Transportes,Clasificacion,Aprobado
-68.0780889,-15.6431234,Mineria,PPC,Aprobado
-76.04233832,-11.62308569,Mineria,ITS,Aprobado
-77.05840786,-12.02507216,Transportes,ITS,Aprobado
-70.76849846,-14.92624004,Electricidad,Clasificacion,Aprobado
-74.56010349,-12.15238724,Transportes,Clasificacion,Aprobado
-74.63414526,-12.35626915,Electricidad,Clasificacion,Aprobado
-70.35340068,-13.07225772,Transportes,ITS,Aprobado
-77.11995865,-11.93674813,Electricidad,ITS,Aprobado
-77.1281,-12.0431,Mineria,Clasificacion,Aprobado
-75.20759243,-15.27500705,Mineria,MEIA-d,Aprobado
-71.78700871,-16.78103521,Electricidad,Clasificacion,Aprobado
-76.4285,-11.0292,Mineria,ITS,Aprobado
-77.3135,-8.5414,Electricidad,Clasificacion,Aprobado
-76.95111942,-12.24775953,Hidrocarburos,Clasificacion,Aprobado
-70.89730295,-13.49428912,Transportes,ITS,Aprobado
-76.3975,-13.0926,Hidrocarburos,ITS,Aprobado
-76.98367611,-12.1873575,Electricidad,Clasificacion,Aprobado
-76.40997186,-11.01011601,Mineria,ITS,Aprobado
-77.27955633,-11.48793725,Mineria,MEIA-d,Aprobado
-77.29823814,-3.14220073,Hidrocarburos,Clasificacion,Aprobado
-78.21119124,-8.54273107,Transportes,Clasificacion,Aprobado
-78.13074324,-7.89273372,Mineria,ITS,Aprobado
-75.5342096,-10.74982969,Electricidad,Clasificacion,Aprobado
-77.7938894,-8.22368592,Mineria,ITS,Aprobado
-76.00584413,-11.75085635,Mineria,ITS,Aprobado
-70.6292903,-17.09908301,Mineria,ITS,Aprobado
-74.19334761,-14.68872722,Electricidad,Clasificacion,Aprobado
-75.35078522,-13.34566786,Transportes,Clasificacion,Aprobado
-73.38088166,-14.5505555,Transportes,Clasificacion,Aprobado
-81.2852,-4.5767,Hidrocarburos,ITS,Aprobado
-75.03433285,-10.06290772,Hidrocarburos,Clasificacion,Aprobado
-78.2475,-7.9446,Mineria,ITS,Aprobado
-69.87043482,-17.81186868,Mineria,ITS,Aprobado
-81.231,-4.6861,Hidrocarburos,ITS,Aprobado
-71.34080095,-14.91405903,Mineria,ITS,Aprobado
-72.0294,-16.0187,Electricidad,EIA-d,Aprobado
-80.77856747,-5.9326429,Electricidad,Clasificacion,Aprobado
-76.41,-11.0101,Mineria,ITS,Aprobado
-75.05944332,-3.80834021,Hidrocarburos,ITS,Aprobado
-71.32406135,-14.85543115,Electricidad,EIA-d,Aprobado
-75.34323642,-11.17797426,Electricidad,Clasificacion,Aprobado
-71.87181486,-16.62430383,Transportes,Clasificacion,Aprobado
-71.83911149,-16.66295493,Agricultura,Clasificacion,Aprobado
-81.22969648,-4.59001059,Hidrocarburos,PPC,Aprobado
-76.86430774,-11.97240524,Electricidad,Clasificacion,Aprobado
-74.70850108,-13.03785631,Agricultura,Clasificacion,Aprobado
-70.36411614,-13.09175335,Transportes,ITS,Aprobado
-73.24670539,-3.65695563,Electricidad,ITS,Aprobado
-70.6942,-17.1652,Mineria,ITS,Aprobado
-80.849669,-5.96911732,Mineria,ITS,Aprobado
-77.49758319,-7.97917477,Mineria,MEIA-d,Aprobado
-76.31236406,-13.2571091,Hidrocarburos,ITS,Aprobado
-81.2176,-4.5318,Hidrocarburos,ITS,Aprobado
-77.52864023,-9.75216662,Mineria,ITS,Aprobado
-75.9937513,-13.08659507,Mineria,MEIA-d,Aprobado
-76.44724561,-11.88611548,Transportes,Clasificacion,Aprobado
-77.05422969,-12.04129301,Electricidad,Clasificacion,Aprobado
-74.19102025,-12.86697449,Agricultura,Clasificacion,Aprobado
-78.78636098,-5.75973103,Transportes,Clasificacion,Aprobado
-76.21004108,-10.57821426,Mineria,PPC,Aprobado
-78.52325067,-5.42269502,Transportes,Clasificacion,Aprobado
-80.6240409,-5.18797295,Transportes,Clasificacion,Aprobado
-70.4853,-14.2033,Electricidad,Clasificacion,Aprobado
-69.80963762,-17.81840252,Mineria,MEIA-d,Aprobado
-72.75336438,-14.33798322,Mineria,ITS,Aprobado
-76.88281255,-11.96715161,Mineria,ITS,Aprobado
-73.2538,-11.5083,Hidrocarburos,ITS,Aprobado
-74.8361,-15.3609,Mineria,ITS,Aprobado
-75.10423389,-8.83863417,Hidrocarburos,ITS,Aprobado
-69.49822859,-11.41755404,Transportes,ITS,Aprobado
-73.42595264,-13.16606323,Transportes,Clasificacion,Aprobado
-77.03776202,-9.63883969,Transportes,Clasificacion,Aprobado
-76.8025685,-12.35712496,Transportes,Clasificacion,Aprobado
-78.22052434,-6.31373224,Transportes,Clasificacion,Aprobado
-76.83499469,-12.29214037,Electricidad,Clasificacion,Aprobado
-76.28946408,-13.80586973,Transportes,ITS,Aprobado
-73.17802817,-14.7201373,Mineria,MEIA-d,Aprobado
-73.1313099,-14.65275381,Mineria,ITS,Aprobado
-75.3443276,-11.10113708,Electricidad,Clasificacion,Aprobado
-74.32812263,-5.24383096,Hidrocarburos,ITS,Aprobado
-81.2347,-4.5916,Hidrocarburos,MEIA-d,Aprobado
-76.51409616,-10.64783287,Transportes,Clasificacion,Aprobado
-78.98241216,-8.22910336,Transportes,ITS,Aprobado
-69.8115133,-17.81586408,Mineria,ITS,Aprobado
-77.04380925,-12.03724522,Transportes,ITS,Aprobado
-69.2850703,-11.58019648,Transportes,ITS,Aprobado
-78.99739628,-8.17464834,Transportes,Clasificacion,Aprobado
-74.64830098,-12.38268562,Electricidad,EIA-d,Aprobado
-72.06550063,-13.40699091,Transportes,ITS,Aprobado
-78.79819141,-5.68992025,Electricidad,Clasificacion,Aprobado
-79.40707163,-7.23776485,Agricultura,Clasificacion,Aprobado
-75.36503495,-11.22639386,Mineria,PPC,Aprobado
-76.4930383,-6.53129176,Electricidad,Clasificacion,Aprobado
-76.27556573,-10.67901185,Mineria,ITS,Aprobado
-72.31043183,-14.07406315,Mineria,ITS,Aprobado
-78.2039437,-7.61396927,Mineria,Clasificacion,Aprobado
-78.42789863,-5.28066227,Electricidad,Clasificacion,Aprobado
-81.17521553,-4.47844352,Hidrocarburos,ITS,Aprobado
-73.1313,-14.6528,Mineria,ITS,Aprobado
-77.13329089,-11.95026596,Mineria,Clasificacion,Aprobado
-76.21321529,-10.6169629,Mineria,ITS,Aprobado
-75.95838916,-13.71404519,Electricidad,Clasificacion,Aprobado
-78.1275554,-7.89642505,Mineria,Clasificacion,Aprobado
-71.60082896,-16.53130068,Mineria,Clasificacion,Aprobado
-78.6297001,-8.58832202,Agricultura,Clasificacion,Aprobado
-71.86197111,-16.54530107,Residuos Solidos,Clasificacion,Aprobado
-80.68958724,-5.15808832,Agricultura,Clasificacion,Aprobado
-71.19058231,-17.77605787,Electricidad,ITS,Aprobado
-76.28282306,-10.77107838,Mineria,ITS,Aprobado
-75.95957484,-10.86918459,Mineria,Clasificacion,Aprobado
-72.93049633,-11.92199394,Hidrocarburos,ITS,Aprobado
-69.49624962,-11.418027,Transportes,ITS,Aprobado
-69.43387328,-12.70116963,Transportes,ITS,Aprobado
-69.17258404,-11.73564997,Transportes,ITS,Aprobado
-75.9969,-13.0922,Mineria,ITS,Aprobado
-79.83178857,-6.81893412,Residuos Solidos,Clasificacion,Aprobado
-76.65424818,-10.53201622,Transportes,Clasificacion,Aprobado
-72.7558,-14.3406,Mineria,ITS,Aprobado
-76.31033375,-8.32822558,Agricultura,Clasificacion,Aprobado
-73.06309094,-13.09222044,Transportes,Clasificacion,Aprobado
-75.47509454,-8.7376074,Transportes,Clasificacion,Aprobado
-80.68951908,-5.15702479,Agricultura,Clasificacion,Aprobado
-81.14029332,-4.77225462,Hidrocarburos,Clasificacion,Aprobado
-76.60189149,-12.44379058,Residuos Solidos,ITS,Aprobado
-81.10665499,-4.47300372,Hidrocarburos,Clasificacion,Aprobado
-77.72022778,-6.18107877,Transportes,Clasificacion,Aprobado
-70.05149039,-15.83163945,Electricidad,ITS,Aprobado
-72.32487553,-14.07817585,Mineria,Clasificacion,Aprobado
-76.04020302,-13.1288593,Mineria,Clasificacion,Aprobado
-77.06995554,-6.05633058,Transportes,Clasificacion,Aprobado
-77.11759633,-11.93624031,Electricidad,MEIA-d,Aprobado
-71.86070062,-15.18680909,Mineria,ITS,Aprobado
-78.2019,-7.6121,Mineria,ITS,Aprobado
-72.4395,-12.5864,Hidrocarburos,ITS,Aprobado
-77.13228827,-12.04521648,Mineria,ITS,Aprobado
-76.4541,-11.2172,Mineria,ITS,Aprobado
-69.34086411,-11.43418988,Transportes,ITS,Aprobado
-81.28112485,-4.58133407,Hidrocarburos,ITS,Aprobado
-78.6529662,-6.76470398,Mineria,Clasificacion,Aprobado
-80.79762408,-6.02137901,Mineria,ITS,Aprobado
-78.62441908,-6.78545321,Mineria,ITS,Aprobado
-76.12771391,-8.91587517,Transportes,Clasificacion,Aprobado
-71.93134607,-16.24107283,Mineria,PPC,Aprobado
-79.08448388,-8.06032814,Residuos Solidos,Clasificacion,Aprobado
-75.06231973,-12.72614832,Mineria,ITS,Aprobado
-69.55487932,-10.98914435,Transportes,ITS,Aprobado
-76.22962885,-5.99922794,Transportes,ITS,Aprobado
-69.31364626,-12.57580347,Transportes,ITS,Aprobado
-69.17072321,-12.29990694,Transportes,ITS,Aprobado
-79.88705863,-5.72757754,Transportes,ITS,Aprobado
-77.91241356,-5.71627175,Transportes,ITS,Aprobado
-70.3883007,-13.1760742,Transportes,ITS,Aprobado
-78.4924922,-5.71368074,Transportes,ITS,Aprobado
-70.87695508,-13.83843387,Electricidad,Clasificacion,Aprobado
-78.24752834,-7.9445874,Mineria,ITS,Aprobado
-80.69844046,-5.16870081,Electricidad,ITS,Aprobado
-78.88751036,-6.47144715,Transportes,Clasificacion,Aprobado
-78.55056942,-6.12611092,Transportes,Clasificacion,Aprobado
-75.18118004,-12.06856406,Agricultura,Clasificacion,Aprobado
-76.09040579,-13.75017213,Agricultura,Clasificacion,Aprobado
-70.99881358,-13.5834599,Transportes,ITS,Aprobado
-76.99652597,-12.06823673,Transportes,Clasificacion,Aprobado
-75.140021,-15.231931,Mineria,PPC,Aprobado
-73.247226,-3.657501,Electricidad,PPC,Aprobado
-76.24664908,-10.68834115,Transportes,Clasificacion,Aprobado
-76.73588294,-7.20943495,Transportes,Clasificacion,Aprobado
-77.41081018,-8.12279376,Mineria,Clasificacion,Aprobado
-75.72350863,-12.31087609,Mineria,ITS,Aprobado
-75.0562,-15.0532,Electricidad,ITS,Aprobado
-69.39215633,-14.58376439,Mineria,Clasificacion,Aprobado
-71.35924276,-17.49395857,Mineria,ITS,Aprobado
-81.21173445,-4.52022958,Hidrocarburos,ITS,Aprobado
-77.11759633,-11.93624031,Electricidad,ITS,Aprobado
-70.9037,-17.6221,Electricidad,Clasificacion,Aprobado
-81.1403,-4.7711,Hidrocarburos,ITS,Aprobado
-77.0152,-12.0859,Electricidad,Clasificacion,Aprobado
-77.81454141,-8.76740501,Electricidad,ITS,Aprobado
-76.77163603,-11.61387223,Electricidad,Clasificacion,Aprobado
-75.2254199,-10.95058264,Transportes,Clasificacion,Aprobado
-76.7464992,-10.45792975,Mineria,PPC,Aprobado
-76.70442962,-11.94097532,Transportes,Clasificacion,Aprobado
-74.32798316,-5.24438926,Hidrocarburos,PPC,Aprobado
-77.12860255,-12.04388931,Mineria,ITS,Aprobado
-72.32263443,-14.07823403,Mineria,Clasificacion,Aprobado
-77.1319302,-11.92429007,Hidrocarburos,ITS,Aprobado
-71.9406,-15.467,Mineria,ITS,Aprobado
-71.81762929,-16.69950999,Electricidad,Clasificacion,Aprobado
-77.27457429,-11.49252771,Mineria,ITS,Aprobado
-79.45282809,-7.47037554,Transportes,ITS,Aprobado
-77.01159092,-9.40670303,Transportes,Clasificacion,Aprobado
-74.10395809,-12.82526222,Transportes,Clasificacion,Aprobado
-75.69627332,-13.9311702,Agricultura,IGAPRO,Aprobado
-73.698155,-13.05278617,Hidrocarburos,ITS,Aprobado
-74.32754357,-5.24219041,Hidrocarburos,ITS,Aprobado
-77.00479761,-9.87315667,Mineria,Clasificacion,Aprobado
-77.30370514,-8.17506846,Mineria,ITS,Aprobado
-70.38041071,-16.59728301,Electricidad,ITS,Aprobado
-80.69901506,-5.16871481,Electricidad,ITS,Aprobado
-76.28813294,-6.45572915,Transportes,ITS,Aprobado
-80.61737771,-5.25459036,Transportes,ITS,Aprobado
-78.14458301,-10.09861058,Transportes,ITS,Aprobado
-76.93194915,-12.07776764,Transportes,Clasificacion,Aprobado
-72.8517,-11.896,Hidrocarburos,MEIA-d,Aprobado
-78.58356707,-7.01236339,Mineria,ITS,Aprobado
-76.74649699,-10.45792535,Mineria,ITS,Aprobado
-81.1243,-4.9018,Hidrocarburos,ITS,Aprobado
-75.0759,-8.9188,Hidrocarburos,EIA-d,Aprobado
-76.14352313,-10.8261732,Mineria,Clasificacion,Aprobado
-78.6297,-6.7658,Mineria,ITS,Aprobado
-70.70393365,-14.04168099,Mineria,ITS,Aprobado
-76.21550921,-10.5792993,Mineria,MEIA-d,Aprobado
-77.7421,-10.6797,Electricidad,ITS,Aprobado
-75.9934,-11.4328,Electricidad,Clasificacion,Aprobado
-76.73533058,-12.54376339,Electricidad,ITS,Aprobado
-77.1711,-11.0848,Electricidad,ITS,Aprobado
-76.2856,-10.7663,Mineria,ITS,Aprobado
-76.4564045,-11.22001465,Mineria,ITS,Aprobado
-77.77293471,-8.22932335,Mineria,ITS,Aprobado
-73.24250776,-14.94375857,Mineria,PPC,Aprobado
-74.83693608,-15.36067083,Mineria,PPC,Aprobado
-77.74424692,-6.09424154,Transportes,Clasificacion,Aprobado
-80.81926158,-6.06144346,Mineria,ITS,Aprobado
-74.32697841,-13.27732755,Electricidad,ITS,Aprobado
-76.12686079,-11.59288495,Mineria,ITS,Aprobado
-71.5110534,-16.50414654,Electricidad,ITS,Aprobado
-70.3254,-14.2296,Mineria,ITS,Aprobado
-77.07888999,-11.82480197,Mineria,Clasificacion,Aprobado
-73.0502,-11.9885,Hidrocarburos,ITS,Aprobado
-81.14483936,-4.39190904,Hidrocarburos,ITS,Aprobado
-80.03927742,-6.02333849,Agricultura,Clasificacion,Aprobado
-81.1897,-4.2834,Mineria,ITS,Aprobado
-75.235802,-12.12887018,Transportes,Clasificacion,Aprobado
-77.03064168,-11.8263535,Mineria,Clasificacion,Aprobado
-73.92157215,-14.95685863,Mineria,ITS,Aprobado
-75.65461285,-13.70420404,Hidrocarburos,ITS,Aprobado
-73.08533707,-12.16711456,Hidrocarburos,ITS,Aprobado
-81.05678928,-4.36722324,Hidrocarburos,ITS,Aprobado
-78.52053679,-6.98623868,Mineria,PPC,Aprobado
-69.30463471,-11.46294436,Transportes,ITS,Aprobado
-80.60360405,-3.64571368,Electricidad,ITS,Aprobado
-74.24451833,-15.79996586,Mineria,ITS,Aprobado
-69.80845071,-17.81675346,Mineria,ITS,Aprobado
-77.129482,-12.04267767,Mineria,ITS,Aprobado
-75.71109652,-12.30848526,Mineria,Clasificacion,Aprobado
-76.15437193,-5.85620801,Transportes,ITS,Aprobado
-78.14653746,-6.38895249,Transportes,Clasificacion,Aprobado
-75.36756787,-11.11992734,Transportes,Clasificacion,Aprobado
-78.14383572,-7.52067681,Transportes,Clasificacion,Aprobado
-74.88756104,-8.3782669,Residuos Solidos,Clasificacion,Aprobado
-77.84899363,-6.6059009,Transportes,Clasificacion,Aprobado
-76.116891,-11.625066,Mineria,PPC,Aprobado
-70.3211634,-14.23732838,Mineria,MEIA-d,Aprobado
-74.97916073,-15.40057162,Electricidad,Clasificacion,Aprobado
-71.63175549,-15.19108696,Agricultura,ITS,Aprobado
-76.2978417,-13.2446993,Hidrocarburos,ITS,Aprobado
-81.18253829,-4.49652438,Hidrocarburos,ITS,Aprobado
-79.41178337,-5.78462188,Transportes,ITS,Aprobado
-76.41993894,-6.46601976,Transportes,ITS,Aprobado
-76.28046624,-6.12297123,Transportes,ITS,Aprobado
-76.11513228,-9.93501682,Electricidad,MEIA-d,Aprobado
-79.61770713,-5.94302894,Transportes,ITS,Aprobado
-75.12003395,-14.67546522,Electricidad,EIA-d,Aprobado
-81.22897636,-4.32147629,Hidrocarburos,ITS,Aprobado
-70.61484485,-13.19343046,Transportes,ITS,Aprobado
-78.32465574,-9.46633917,Transportes,ITS,Aprobado
-81.06669904,-4.93383999,Hidrocarburos,PPC,Aprobado
-81.15902631,-4.48202846,Hidrocarburos,ITS,Aprobado
-72.099027,-16.613092,Electricidad,PPC,Aprobado
-78.15508061,-10.0726606,Agricultura,IGAPRO,Aprobado
-76.96446969,-12.22843541,Salud,Clasificacion,Aprobado
-74.21613328,-13.11567022,Electricidad,ITS,Aprobado
-75.0857432,-15.16364374,Mineria,ITS,Aprobado
-76.52423823,-11.18433573,Mineria,ITS,Aprobado
-70.325843,-14.229,Mineria,ITS,Aprobado
-76.29494566,-11.7564497,Electricidad,Clasificacion,Aprobado
-74.89822924,-10.33954082,Transportes,ITS,Aprobado
-77.66279276,-7.7223418,Agricultura,Clasificacion,Aprobado
-78.42672676,-9.26425212,Transportes,ITS,Aprobado
-77.03114493,-9.56878021,Mineria,ITS,Aprobado
-69.22289345,-12.5898613,Electricidad,ITS,Aprobado
-75.24433507,-12.04431811,Transportes,Clasificacion,Aprobado
-79.90056192,-6.59117792,Agricultura,Clasificacion,Aprobado
-71.5320623,-16.39190689,Transportes,Clasificacion,Aprobado
-69.92939233,-17.77596145,Mineria,ITS,Aprobado
-70.17971803,-13.71028969,Electricidad,ITS,Aprobado
-79.06600368,-8.0498615,Residuos Solidos,ITS,Aprobado
-75.99093623,-13.08875296,Mineria,Clasificacion,Aprobado
-76.69256759,-10.62937221,Mineria,ITS,Aprobado
-77.23483773,-3.24883238,Mineria,Clasificacion,Aprobado
-81.20898703,-4.49850754,Hidrocarburos,ITS,Aprobado
-79.44182694,-5.25757991,Transportes,Clasificacion,Aprobado
-77.75417632,-5.98675731,Transportes,Clasificacion,Aprobado
-78.14029134,-7.60848716,Transportes,Clasificacion,Aprobado
-80.53149675,-5.92786097,Electricidad,ITS,Aprobado
-71.58299055,-16.52561525,Mineria,ITS,Aprobado
-77.05990655,-12.0005049,Electricidad,Clasificacion,Aprobado
-70.31152211,-13.41180965,Transportes,Clasificacion,Aprobado
-76.08176043,-10.33951497,Transportes,Clasificacion,Aprobado
-78.63109127,-6.76606242,Mineria,PPC,Aprobado
-80.79530208,-5.93080498,Electricidad,PPC,Aprobado
-71.18746592,-17.77545013,Electricidad,ITS,Aprobado
-76.82869706,-12.25908968,Electricidad,Clasificacion,Aprobado
-69.13119293,-11.95376708,Transportes,ITS,Aprobado
-75.49708785,-10.75628973,Electricidad,PPC,Aprobado
-76.32123846,-11.49626839,Mineria,ITS,Aprobado
-74.08717817,-12.81698106,Transportes,Clasificacion,Aprobado
-80.69108421,-5.17583248,Transportes,ITS,Aprobado
-71.23409815,-13.60696592,Transportes,ITS,Aprobado
-70.99881358,-13.5834599,Transportes,ITS,Aprobado
-78.27497136,-9.48546338,Transportes,ITS,Aprobado
-77.91509628,-6.82194158,Transportes,Clasificacion,Aprobado
-76.96243926,-12.23259466,Transportes,Clasificacion,Aprobado
-75.17930533,-7.11018475,Hidrocarburos,PPC,Aprobado
-76.80432,-9.776518,Transportes,ITS,Aprobado
-76.21142882,-10.60611652,Mineria,ITS,Aprobado
-75.75437336,-11.48650944,Electricidad,PPC,Aprobado
-75.32486683,-10.66667128,Transportes,Clasificacion,Aprobado
-77.01947316,-12.16689808,Transportes,Clasificacion,Aprobado
-76.84099568,-6.12416691,Transportes,ITS,Aprobado
-77.07065906,-12.03806656,Electricidad,Clasificacion,Aprobado
-77.11818815,-12.02226007,Transportes,MEIA-d,Aprobado
-75.73316001,-12.93631135,Transportes,Clasificacion,Aprobado
-76.36243594,-9.92566573,Transportes,ITS,Aprobado
-76.47641208,-9.8679757,Transportes,ITS,Aprobado
-78.24749756,-7.94460011,Mineria,Clasificacion,Aprobado
-76.73636358,-12.54372625,Electricidad,ITS,Aprobado
-76.007679,-11.745804,Mineria,Clasificacion,Aprobado
-76.14022921,-11.59753343,Mineria,ITS,Aprobado
-73.6645198,-15.07089196,Mineria,Clasificacion,Aprobado
-70.42451459,-13.51627714,Electricidad,MEIA-d,Aprobado
-72.35270199,-15.28081469,Mineria,ITS,Aprobado
-71.82437,-16.56306802,Transportes,Clasificacion,Aprobado
-71.82746395,-16.46492422,Agricultura,Clasificacion,Aprobado
-74.2779961,-13.8674667,Transportes,Clasificacion,Aprobado
-81.14701818,-4.54692508,Hidrocarburos,Clasificacion,Aprobado
-72.93078456,-13.66984041,Transportes,ITS,Aprobado
-79.45915396,-7.4570596,Transportes,ITS,Aprobado
-77.30602598,-8.17644786,Mineria,Clasificacion,Aprobado
-70.6144993,-17.25638072,Mineria,ITS,Aprobado
-77.02700928,-12.13768194,Transportes,Clasificacion,Aprobado
